time,T
0.0,70.000000
2.0,68.135647
4.0,66.340810
6.0,64.612898
8.0,62.949414
10.0,61.347957
