time,T
0.0,70.000000
2.0,68.100000
4.0,66.272200
6.0,64.513856
8.0,62.822330
10.0,61.195081
